"jobTitle","qualifications","salary","preferences","mission_statement","benefits","description"
"Data Engineer","Job Overview
We are seeking a skilled and motivated Data Engineer to join our dynamic team. The ideal candidate will be responsible for designing, developing, and maintaining robust data pipelines and architectures that support our data-driven decision-making processes. This role requires a strong understanding of big data technologies and cloud-based solutions, particularly within the Azure ecosystem.

Duties

Develop and maintain scalable data pipelines using Azure Data Lake and Hadoop to supp...","$57.52 - $69.27 an hour - Full-time, Contract","Job Overview
We are seeking a skilled and motivated Data Engineer to join our dynamic team. The ideal candidate will be responsible for designing, developing, and maintaining robust data pipelines and architectures that support our data-driven decision-making processes. This role requires a strong understanding of big data technologies and cloud-based solutions, particularly within the Azure ecosystem.

Duties

Develop and maintain scalable data pipelines using Azure Data Lake and Hadoop to supp...","Job Overview
We are seeking a skilled and motivated Data Engineer to join our dynamic team. The ideal candidate will be responsible for designing, developing, and maintaining robust data pipelines and architectures that support our data-driven decision-making processes. This role requires a strong understanding of big data technologies and cloud-based solutions, particularly within the Azure ecosystem.

Duties

Develop and maintain scalable data pipelines using Azure Data Lake and Hadoop to supp...","Benefits
Pulled from the full job description
Health insurance
Paid time off
Dental insurance
&nbsp;","Job Overview
We are seeking a skilled and motivated Data Engineer to join our dynamic team. The ideal candidate will be responsible for designing, developing, and maintaining robust data pipelines and architectures that support our data-driven decision-making processes. This role requires a strong understanding of big data technologies and cloud-based solutions, particularly within the Azure ecosystem.

Duties

Develop and maintain scalable data pipelines using Azure Data Lake and Hadoop to supp..."